{
    "name": "NGC4621",
    "z": 0.001558,
    "dist": 17.78279410038923,
    "kin_pa": -75.0,
    "reff": 54.32309397674026,
    "qmin": 0.295,
    "sigmapsf": [
        0.39915074309978765,
        1.830148619957537
    ],
    "normpsf": [
        0.84,
        0.16
    ],
    "pixsize": 0.27
}