{
    "name": "NGC3379",
    "z": 0.003026,
    "dist": 10.280162981264723,
    "kin_pa": 14.5,
    "reff": 64.85490948850847,
    "qmin": 0.85,
    "sigmapsf": [
        0.39915074309978765,
        1.830148619957537
    ],
    "normpsf": [
        0.84,
        0.16
    ],
    "pixsize": 0.27
}